<?xml version="1.0" encoding="UTF-8"?>
<project-private xmlns="http://www.netbeans.org/ns/project-private/1">
    <editor-bookmarks xmlns="http://www.netbeans.org/ns/editor-bookmarks/2" lastBookmarkId="0"/>
    <open-files xmlns="http://www.netbeans.org/ns/projectui-open-files/2">
        <group>
            <file>file:/C:/Users/tonon/OneDrive/Documentos/NetBeansProjects/Aula7/src/aula7/MenorMaior.java</file>
            <file>file:/C:/Users/tonon/OneDrive/Documentos/NetBeansProjects/Aula7/src/aula7/Aula7.java</file>
            <file>file:/C:/Users/tonon/OneDrive/Documentos/NetBeansProjects/Aula7/src/aula7/JogoInterface.java</file>
            <file>file:/C:/Users/tonon/OneDrive/Documentos/NetBeansProjects/Aula7/src/aula7/Placar.java</file>
        </group>
    </open-files>
</project-private>
